time,latitude,longitude,number,u10,d2m,t2m,sp,skt,v10n,i10fg,cbh,hcc,lcc,mcc,tcc,tciw,tclw,blh,tcwv,expver,tp,cdir,ssr,ssrc,str,strc,ssrdc,ssrd,strdc,strd,fdir,cp,lsp,日期时间,风速_m/s,近地面气温_K,气温_C,露点_C,相对湿度_%,云量,time_step_seconds,地表下行短波_W/m2,地表下行长波_W/m2,地表净太阳辐射_W/m2,地表净热辐射_W/m2,气压_Pa,太阳辐射_W/m2,大气透过率,天空发射率,材料热辐射_W/m2,大气向下辐射_W/m2,太阳吸收_W/m2,净制冷功率_W/m2,理想制冷功率_W/m2,制冷效率,小时,日期,时段
2025-07-12 08:00:00,31.83,117.26,0,-3.5581045,298.32275,300.75293,100449.5,299.05933,-1.8327551,8.526747,380.29395,0.25071418,0.26994962,0.9471029,0.9724684,0.0057006516,0.37351125,503.86768,64.42462,1,0.00010990711,563556.56,621398.3,798449.8,-118965.44,-142213.88,1005389.6,764333.44,1492688.0,1528263.0,313669.5,9.774818e-05,1.1939562e-05,2025-07-12 08:00:00,4.0023866491752464,300.75293,27.602930000000015,25.172750000000008,86.65480099439155,0.9724684,3600.0,212.31484444444442,424.5175,172.6106388888889,-33.04595555555556,100449.5,212.31484444444442,0.25848028887346186,0.7415197111265381,454.6500889693403,416.02714999999995,19.10833599999999,19.51460296934035,119.91641462565332,0.16273504365736477,8,2025-07-12,白天
2025-07-12 09:00:00,31.83,117.26,0,-4.1493387,298.2356,300.96802,100492.44,300.30444,-1.3616343,8.158912,510.7622,0.2136339,0.23538697,0.9791937,0.98689497,0.007863872,0.4450193,530.0298,64.89514,1,7.665795e-05,1124254.0,869028.1,1357254.0,-97888.125,-157748.69,1692219.0,1061467.0,1506431.0,1576103.0,430467.06,5.859544e-05,1.8234132e-05,2025-07-12 09:00:00,4.367042433301306,300.96802,27.818020000000047,25.0856,85.13134000315183,0.98689497,3600.0,294.8519444444444,437.8063888888889,241.39669444444445,-27.191145833333334,100492.44,294.8519444444444,0.2558878413587563,0.7441121586412437,455.9520964792071,429.05026111111107,26.53667499999999,0.36516036809605623,119.05367115414663,0.0030671911630785332,9,2025-07-12,白天
2025-07-12 10:00:00,31.83,117.26,0,-3.56036,298.04272,302.9524,100516.75,300.22925,-1.20012,8.26942,658.0027,0.16871458,0.2356261,0.9488011,0.96715856,0.008852638,0.38847965,540.6018,64.92645,1,7.173604e-05,1668172.0,1532455.0,1866911.0,-149278.94,-170144.38,2316421.0,1858508.0,1519392.0,1562993.0,1191294.0,6.216191e-05,9.497842e-06,2025-07-12 10:00:00,3.7571866261872064,302.9524,29.802400000000034,24.892719999999997,75.02820341053565,0.96715856,3600.0,516.2522222222223,434.1647222222222,425.68194444444447,-41.466372222222226,100516.75,516.2522222222223,0.26216366248313894,0.7378363375168611,468.0965084160032,425.48142777777775,46.462699999999984,-3.847619361774548,125.2223418794988,-0.030726300946177034,10,2025-07-12,白天
2025-07-12 11:00:00,31.83,117.26,0,-3.3926268,297.86108,302.7732,100503.19,300.6775,-1.3457642,8.71402,738.74927,0.13238424,0.28262544,0.89290607,0.9337216,0.006594252,0.2643587,555.0559,64.54625,1,3.9100705e-05,2106344.0,1703634.0,2263182.0,-166255.94,-194574.38,2800605.0,2043447.0,1540212.0,1574271.0,1303589.0,3.382715e-05,5.2067962e-06,2025-07-12 11:00:00,3.6497942251693973,302.7732,29.623199999999997,24.711080000000038,74.98806106488108,0.9337216,3600.0,567.6241666666666,437.2975,473.2316666666667,-46.182205555555555,100503.19,567.6241666666666,0.2700898690082517,0.7299101309917483,466.98995178153314,428.55155,51.086174999999976,-12.64777321846686,128.70332133147355,-0.098270760129746,11,2025-07-12,白天
2025-07-12 12:00:00,31.83,117.26,0,-3.2215881,298.21924,303.08887,100478.44,301.65308,-1.8252907,9.366441,766.3584,0.11015844,0.12624764,0.78559124,0.81398886,0.0055127405,0.15491903,643.5232,64.43021,1,1.3599188e-05,2356440.0,2060513.0,2491834.0,-192548.31,-200454.94,3080178.0,2531588.0,1553769.0,1575868.0,1813721.0,1.1549162e-05,1.9641766e-06,2025-07-12 12:00:00,3.702744391065646,303.08887,29.93887000000001,25.069240000000036,75.22960894705018,0.81398886,3600.0,703.2188888888888,437.74111111111114,572.3647222222222,-53.485641666666666,100478.44,703.2188888888888,0.28769452906019133,0.7123054709398087,468.94052626119594,428.9862888888889,63.289699999999975,-23.33546262769294,137.66492230607457,-0.16950914028637232,12,2025-07-12,白天
2025-07-12 13:00:00,31.83,117.26,0,-2.8541708,298.17627,304.4873,100374.44,302.75098,-2.3423128,9.295203,741.45776,0.13842392,0.12568241,0.75057274,0.7848286,0.003782997,0.07480532,743.47876,63.388626,1,2.746591e-05,2406495.0,2212652.0,2539812.0,-204706.44,-209250.44,3138650.0,2670197.0,1570994.0,1583867.0,1827981.0,2.236398e-05,5.264037e-06,2025-07-12 13:00:00,3.692251373974486,304.4873,31.337300000000027,25.02627000000001,69.28001849654684,0.7848286,3600.0,741.7213888888889,439.96305555555557,614.6255555555556,-56.8629,100374.44,741.7213888888889,0.2922147725317231,0.7077852274682769,477.6552383784936,431.1637944444445,66.75492499999997,-20.26348106595084,142.42644574628315,-0.14227330436966726,13,2025-07-12,白天
2025-07-12 14:00:00,31.83,117.26,0,-2.8431635,297.92456,303.44995,100354.375,304.05933,-2.3929377,8.748852,839.1887,0.15854979,0.06714028,0.54372895,0.6023371,0.0055724643,0.084361255,855.4402,63.91745,1,0.0007416385,2312386.0,1681705.0,2432499.0,-145505.19,-213664.81,3005468.0,2066971.0,1574872.0,1617513.0,940730.06,0.0005912811,0.00015059597,2025-07-12 14:00:00,3.7161444433462947,303.44995,30.299950000000024,24.774560000000008,72.40602114258179,0.6023371,3600.0,574.1586111111111,449.30916666666667,467.1402777777778,-40.418108333333336,100354.375,574.1586111111111,0.310442194576927,0.689557805423073,471.17918147244853,440.32298333333335,51.67427499999998,-20.8180768608848,149.25908075027252,-0.13947611600071302,14,2025-07-12,白天
2025-07-12 15:00:00,31.83,117.26,0,-2.5875816,297.98853,303.2417,100266.31,305.04834,-2.805334,8.743657,651.927,0.1890449,0.11951387,0.20933032,0.38704807,0.0031042753,0.035006072,948.98706,62.345093,1,3.679216e-05,1877375.0,1622165.0,2075507.0,-172078.44,-184247.19,2571684.0,2007766.0,1555793.0,1582019.0,1222935.0,2.903954e-05,7.666772e-06,2025-07-12 15:00:00,3.8164744710550025,303.2417,30.091700000000003,24.83853000000005,73.55495057389373,0.38704807,3600.0,557.7127777777778,439.44972222222225,450.6013888888889,-47.79956666666667,100266.31,557.7127777777778,0.32202070617470335,0.6779792938252966,469.8870790787148,430.6607277777778,50.19414999999998,-10.967798699062996,154.40139696662897,-0.07103432296945789,15,2025-07-12,白天
2025-07-12 16:00:00,31.83,117.26,0,-2.111908,298.20044,302.4463,100210.19,304.69995,-2.27876,8.270761,702.4536,0.14890563,0.1390543,0.2108863,0.3490929,0.0034595188,0.0451672,991.92163,62.60118,1,9.269025e-06,1506977.0,1378987.0,1689396.0,-162208.25,-189807.75,2094656.0,1708443.0,1564038.0,1591681.0,1074274.0,6.28435e-06,3.2993776e-06,2025-07-12 16:00:00,3.1069120583087,302.4463,29.29630000000003,25.050440000000037,77.97495489408757,0.3490929,3600.0,474.5675,442.1336111111111,383.0519444444444,-45.05784722222222,100210.19,474.5675,0.3225117577730785,0.6774882422269215,464.9764055702591,433.2909388888889,42.71107499999999,-11.025608318629786,153.02077335048176,-0.07205301657557643,16,2025-07-12,白天
2025-07-12 17:00:00,31.83,117.26,0,-2.9458904,298.11743,302.6062,100210.81,302.54614,-2.28831,7.8124123,703.76685,0.43549013,0.116410315,0.3017401,0.5864864,0.09963387,0.18903011,746.48413,61.44084,1,0.0007334007,976132.8,916038.25,1172347.0,-147646.0,-180545.5,1459735.0,1123491.0,1570637.0,1590798.0,586232.5,0.0007031346,3.0571406e-05,2025-07-12 17:00:00,3.7302322856508763,302.6062,29.456200000000024,24.967430000000036,76.87871445975235,0.5864864,3600.0,312.0808333333333,441.8883333333333,254.45506944444443,-41.01277777777778,100210.81,312.0808333333333,0.3101064511379097,0.6898935488620903,465.9604970912693,433.05056666666667,28.087274999999988,4.822655424602647,147.44628175860186,0.032707880911492015,17,2025-07-12,白天
2025-07-12 18:00:00,31.83,117.26,0,-3.3620205,298.10083,300.05786,100304.875,299.85352,-2.489006,7.6783104,591.4551,0.63654363,0.20774674,0.75677377,0.89826554,0.06311488,0.28076488,544.55786,63.784653,1,0.0012841972,435966.12,349490.62,622326.3,-94142.31,-151651.62,783324.8,421952.25,1551991.0,1586898.0,151005.38,0.00097287167,0.00031116325,2025-07-12 18:00:00,4.183100848707362,300.05786,26.907860000000028,24.950829999999996,89.06969311705615,0.89826554,3600.0,117.20895833333333,440.805,97.08072777777778,-26.150641666666665,100304.875,117.20895833333333,0.27425483862401123,0.7257451613759888,450.4616700471744,431.9889,10.548806249999997,7.923963797174382,126.06254349499022,0.06285740060043517,18,2025-07-12,白天
2025-07-12 19:00:00,31.83,117.26,0,-2.6183176,298.1211,300.3286,100266.06,299.10498,-1.4081411,6.0410204,1045.4617,0.5431719,0.03516622,0.325598,0.6851609,0.0143818185,0.08256441,430.489,63.297485,1,0.00010549724,84385.44,91433.44,177612.94,-71353.06,-121593.875,234716.38,109312.75,1517291.0,1563365.0,16417.684,0.0,0.00010549724,2025-07-12 19:00:00,2.9729528102509417,300.3286,27.178600000000017,24.971100000000035,87.77252276912041,0.6851609,3600.0,30.364652777777778,434.2680555555556,25.39817777777778,-19.820294444444443,100266.06,30.364652777777778,0.3017302115232394,0.6982697884767606,452.0896647887258,425.5826944444445,2.732818749999999,23.774151594281342,139.1929695756864,0.1707999453331162,19,2025-07-12,白天
2025-07-12 20:00:00,31.83,117.26,0,-1.6195402,298.1936,300.44214,100299.94,298.82104,-0.7956723,4.560067,720.7009,0.47104102,0.010489017,0.5715806,0.7529029,0.008570209,0.08917117,314.64258,63.363617,1,9.1172415e-06,125.4422,3466.2336,4725.7617,-88769.875,-114309.125,5913.6016,4218.875,1507552.0,1534659.0,61.4422,2.8585504e-08,9.079128e-06,2025-07-12 20:00:00,1.8044403199893673,300.44214,27.292140000000018,25.043600000000026,87.56816433204611,0.7529029,3600.0,1.1719097222222221,426.2941666666667,0.9628426666666666,-24.65829861111111,100299.94,1.1719097222222221,0.2945271610070683,0.7054728389929317,452.77370721668944,417.76828333333333,0.10547187499999995,34.89995200835612,136.0756679236501,0.25647459638366743,20,2025-07-12,夜间
2025-07-12 21:00:00,31.83,117.26,0,-2.0160742,298.31445,300.7063,100329.44,298.7229,-0.68611264,4.634178,369.69458,0.3710283,0.050044097,0.53970116,0.68540186,0.0028563307,0.02456576,325.2688,63.52556,1,4.499354e-06,0.0,3.5999988e-12,0.0,-83111.19,-110959.06,0.0,0.0,1501989.0,1537374.0,0.0,1.5245596e-06,2.9747944e-06,2025-07-12 21:00:00,2.129625726430212,300.7063,27.55630000000002,25.164450000000045,86.84825139172601,0.68540186,3600.0,0.0,427.04833333333335,9.999996666666666e-16,-23.086441666666666,100329.44,0.0,0.3006849117566429,0.6993150882433571,454.36819108492307,418.50736666666666,0.0,35.86082441825641,139.40985657285262,0.25723306299735205,21,2025-07-12,夜间
2025-07-12 22:00:00,31.83,117.26,0,-2.3202305,298.19385,299.8833,100332.81,298.62842,-0.6335699,4.752351,357.91357,0.34004402,0.107857704,0.24419689,0.5072367,0.0016466631,0.026631258,349.13452,63.26509,1,3.2984653e-06,0.0,3.5999988e-12,0.0,-109019.19,-113742.81,0.0,0.0,1497650.0,1505981.0,0.0,8.099226e-07,2.3264438e-06,2025-07-12 22:00:00,2.4051778294579926,299.8833,26.733300000000042,25.04385000000002,90.4877865058408,0.5072367,3600.0,0.0,418.3280555555556,9.999996666666666e-16,-30.283108333333335,100332.81,0.0,0.3135302930860182,0.6864697069139818,449.41435206067626,409.96149444444444,0.0,39.452857616231825,143.7806260394355,0.27439620137285303,22,2025-07-12,夜间
2025-07-12 23:00:00,31.83,117.26,0,-2.2700481,298.26318,299.47632,100319.19,298.35596,-0.6679614,4.6096087,380.63818,0.22234064,0.19366682,0.32413512,0.55085814,0.02487564,0.07449067,282.3374,62.63263,1,2.4973606e-06,0.0,3.5999988e-12,0.0,-93144.25,-111637.875,0.0,0.0,1492799.0,1520933.0,0.0,7.527516e-07,1.7541379e-06,2025-07-12 23:00:00,2.3662820643793863,299.47632,26.32632000000001,25.11318,93.06551157597895,0.55085814,3600.0,0.0,422.4813888888889,9.999996666666666e-16,-25.873402777777777,100319.19,0.0,0.3104788056594926,0.6895211943405074,446.9796628824462,414.0317611111111,0.0,32.94790177133507,141.60991008757605,0.23266663859160028,23,2025-07-12,夜间
2025-07-13 00:00:00,31.83,117.26,0,-2.3536692,298.31104,299.5227,100307.5,298.28394,-0.44275016,4.0341024,317.2766,0.16755706,0.25054008,0.34477222,0.6014682,0.024364155,0.085410416,311.7434,62.188644,1,3.603377e-06,0.0,3.5999988e-12,0.0,-112282.875,-115624.56,0.0,0.0,1488947.0,1497237.0,0.0,8.8615064e-07,2.7267552e-06,2025-07-13 00:00:00,2.394950188878396,299.5227,26.37270000000001,25.161040000000014,93.07606467218076,0.6014682,3600.0,0.0,415.89916666666664,9.999996666666666e-16,-31.1896875,100307.5,0.0,0.3069417875149699,0.6930582124850301,447.25662278589334,407.5811833333333,0.0,39.675439452560056,140.08341558756194,0.28322724204108324,0,2025-07-13,夜间
2025-07-13 01:00:00,31.83,117.26,0,-2.167406,298.2024,299.17236,100277.75,298.17798,-0.07505804,3.5649185,303.54736,0.17278898,0.13355553,0.6339784,0.76292026,0.02305501,0.14702964,300.29565,61.6389,1,5.472384e-06,0.0,3.5999988e-12,0.0,-116511.56,-113161.56,0.0,0.0,1484844.0,1488031.0,0.0,8.480366e-07,4.6338755e-06,2025-07-13 01:00:00,2.168705253879522,299.17236,26.02236000000005,25.052400000000034,94.4083968306807,0.76292026,3600.0,0.0,413.34194444444444,9.999996666666666e-16,-32.36432222222222,100277.75,0.0,0.2929052827607892,0.7070947172392108,445.16773690217366,405.0751055555555,0.0,40.092631346618134,133.05304270746097,0.30132818108315185,1,2025-07-13,夜间
2025-07-13 02:00:00,31.83,117.26,0,-1.8741713,298.1714,299.20557,100253.75,298.14478,-0.20809418,2.8703308,282.10742,0.163715,0.17163241,0.5029734,0.64269507,0.0071613826,0.10407472,255.69698,60.485733,1,5.338941e-07,0.0,3.5999988e-12,0.0,-111711.125,-113035.625,0.0,0.0,1480401.0,1489859.0,0.0,6.66995e-08,4.7672307e-07,2025-07-13 02:00:00,1.8856885345924872,299.20557,26.055570000000046,25.02140000000003,94.04951764908304,0.64269507,3600.0,0.0,413.8497222222222,9.999996666666666e-16,-31.030868055555555,100253.75,0.0,0.3046229236729049,0.6953770763270951,445.3654354115224,405.5727277777778,0.0,39.79270763374461,138.4372663652186,0.28744216552763613,2,2025-07-13,夜间
2025-07-13 03:00:00,31.83,117.26,0,-1.8050575,298.01147,299.03638,100219.0,298.1062,-0.4561528,3.2752419,314.8484,0.09645945,0.11993861,0.5307391,0.6006556,0.002291248,0.08973622,210.02722,59.72261,1,3.7000827e-06,0.0,3.5999988e-12,0.0,-78115.69,-114368.94,0.0,0.0,1488569.0,1534230.0,0.0,0.0,3.6810252e-06,2025-07-13 03:00:00,1.8618023405437243,299.03638,25.88638000000003,24.861469999999997,94.09402488768438,0.6006556,3600.0,0.0,426.175,9.999996666666666e-16,-21.69880277777778,100219.0,0.0,0.30860169049836883,0.6913983095016312,444.3589369113525,417.6515,0.0,26.707436911352488,139.92848889683813,0.19086489907743137,3,2025-07-13,夜间
2025-07-13 04:00:00,31.83,117.26,0,-1.6563377,297.92188,298.50513,100234.94,298.09204,-0.41430265,2.8499746,246.77351,0.061922397,0.119552314,0.377738,0.45738524,0.0008899111,0.07196045,191.99963,59.23729,1,1.14342015e-07,0.0,3.5999988e-12,0.0,-95635.69,-119384.44,0.0,0.0,1485124.0,1512880.0,0.0,8.575648e-08,1.9057001e-08,2025-07-13 04:00:00,1.7073667626606512,298.50513,25.35513000000003,24.77188000000001,96.58712833185616,0.45738524,3600.0,0.0,420.24444444444447,9.999996666666666e-16,-26.565469444444446,100234.94,0.0,0.3173088108415584,0.6826911891584416,441.2096564143493,411.8395555555556,0.0,29.370100858793705,142.85684837617316,0.2055911298102828,4,2025-07-13,夜间
2025-07-13 05:00:00,31.83,117.26,0,-1.2825079,297.72412,298.42017,100238.5,297.89038,-0.51093376,2.4099865,193.04382,0.023696646,0.22831959,0.27672464,0.39590007,0.00043580588,0.04989985,145.98004,58.329147,1,1.14342015e-07,0.0,3.5999988e-12,0.0,-99814.875,-118392.19,0.0,0.0,1479739.0,1503955.0,0.0,8.575648e-08,1.9057001e-08,2025-07-13 05:00:00,1.3805360627923298,298.42017,25.270170000000007,24.57412000000005,95.93635925435903,0.39590007,3600.0,0.0,417.7652777777778,9.999996666666666e-16,-27.726354166666667,100238.5,0.0,0.3215475417179884,0.6784524582820116,440.7075655859534,409.4099722222222,0.0,31.297593363731153,144.60044319457393,0.21644189099487893,5,2025-07-13,夜间
2025-07-13 06:00:00,31.83,117.26,0,-1.110817,298.56885,301.15112,100263.19,298.23022,-0.8299996,2.82716,177.5234,0.019533891,0.20526314,0.083373964,0.25456262,9.277684e-05,0.020118203,100.056076,55.805984,1,5.7171007e-08,10774.969,41653.367,42908.016,-112202.19,-118954.375,56857.4,51122.81,1473901.0,1488205.0,8842.129,4.764251e-08,1.9057001e-08,2025-07-13 06:00:00,1.3866555965664868,301.15112,28.001120000000014,25.41885000000002,85.91331750903919,0.25456262,3600.0,14.200780555555555,413.3902777777778,11.570379722222222,-31.167275,100263.19,14.200780555555555,0.32548698134902687,0.6745130186509731,457.0626602434584,405.1224722222222,1.2780702499999996,50.662117771236225,151.80402609183585,0.3337336899127267,6,2025-07-13,白天
2025-07-13 07:00:00,31.83,117.26,0,-1.0073156,298.646,301.3916,100253.44,300.05933,-1.0828505,3.9804783,210.59846,0.0,0.17131865,0.056137037,0.19611567,2.0753083e-05,0.012599606,222.27023,55.74382,1,1.1140017e-05,185996.25,324985.56,338823.12,-137522.44,-131752.81,434984.25,400805.56,1473231.0,1487799.0,158245.88,1.0977884e-05,3.0521e-07,2025-07-13 07:00:00,1.4789354020218768,301.3916,28.241600000000005,25.496000000000038,85.10867635826182,0.19611567,3600.0,111.33487777777778,413.2775,90.27376666666666,-38.20067777777778,100253.44,111.33487777777778,0.32926663710874726,0.6707333628912527,458.5243337656901,405.01194999999996,10.020138999999997,43.49224476569012,154.05792388934447,0.28231098841062785,7,2025-07-13,白天
2025-07-13 08:00:00,31.83,117.26,0,-0.8298885,298.55664,301.51514,100277.06,301.8855,-1.1502295,4.861356,351.30566,0.0,0.385391,0.06904358,0.3983159,0.0,0.034145106,348.55542,56.174454,1,4.8756818e-05,596688.94,644710.1,821047.56,-108990.25,-152230.44,1032139.8,801237.3,1485318.0,1549081.0,299867.75,2.8946873e-05,1.9724117e-05,2025-07-13 08:00:00,1.4183592017195432,301.51514,28.365139999999997,25.40664000000004,84.05301265287514,0.3983159,3600.0,222.56591666666668,430.30027777777775,179.08613888888888,-30.275069444444444,100277.06,222.56591666666668,0.3176071418404768,0.6823928581595232,459.2765900919661,421.6942722222222,20.030932499999995,17.551385369743922,148.8464541768874,0.11791604621555889,8,2025-07-13,白天
2025-07-13 09:00:00,31.83,117.26,0,-0.42662925,298.6223,301.45996,100272.75,303.94897,-1.3595839,5.389799,417.86768,0.0,0.30184472,0.049295805,0.3242123,0.0,0.03819816,556.1885,56.933167,1,1.47248575e-05,1140441.0,963615.25,1368360.0,-104664.625,-172887.75,1705599.0,1202703.0,1503374.0,1588663.0,461909.0,5.7028174e-06,8.964811e-06,2025-07-13 09:00:00,1.4249494370309328,301.45996,28.309960000000046,25.47230000000002,84.65214344598344,0.3242123,3600.0,334.08416666666665,441.29527777777776,267.67090277777777,-29.073506944444443,100272.75,334.08416666666665,0.3211134809928282,0.6788865190071718,458.9404752802891,432.4693722222222,30.067574999999987,-3.5964719419330997,150.3795648834252,-0.02391596188432317,9,2025-07-13,白天
2025-07-13 10:00:00,31.83,117.26,0,-0.40668434,298.97095,303.99976,100290.94,305.71313,-1.5228748,5.5603065,451.74902,0.012281422,0.117134154,0.08123851,0.15864247,0.002487719,0.058215827,683.82837,57.27951,1,3.5036835e-05,1637996.0,1308278.0,1853269.0,-111960.94,-193158.25,2301391.0,1610387.0,1521355.0,1620993.0,541219.0,1.856737e-05,1.6231032e-05,2025-07-13 10:00:00,1.5762423065240558,303.99976,30.849760000000003,25.82095000000004,74.66984304657176,0.15864247,3600.0,447.32972222222224,450.2758333333333,363.41055555555556,-31.100261111111113,100290.94,447.32972222222224,0.331326632715229,0.668673367284771,474.60332368944586,441.27031666666664,40.25967499999999,-6.926667977220774,160.45787868722448,-0.04316813879063371,10,2025-07-13,白天
2025-07-13 11:00:00,31.83,117.26,0,-0.14003533,298.92188,304.1604,100272.31,307.00024,-1.8211327,5.4600534,579.9143,0.05031373,0.046163842,0.114777505,0.19471133,0.009521499,0.057946168,817.8301,57.231613,1,9.361551e-05,2055878.0,1797352.0,2241127.0,-150923.88,-211864.5,2776264.0,2201737.0,1536999.0,1621022.0,978491.1,6.0064456e-05,3.3875272e-05,2025-07-13 11:00:00,1.8265087474900028,304.1604,31.010400000000004,25.77188000000001,73.7750750433473,0.19471133,3600.0,611.5936111111112,450.2838888888889,499.26444444444445,-41.923300000000005,100272.31,611.5936111111112,0.3286844533507439,0.6713155466492561,475.60728145189114,441.2782111111111,55.043424999999985,-20.714354659219936,159.51501970780436,-0.12985833369900826,11,2025-07-13,白天
2025-07-13 12:00:00,31.83,117.26,0,0.06605017,298.49146,304.36304,100200.25,307.73145,-1.6657,5.459012,732.90234,0.091412365,0.093079925,0.123097,0.25215387,0.012983408,0.048674952,932.0056,56.943695,1,6.1495695e-05,2417592.0,2252602.0,2526185.0,-219676.81,-232338.5,3120696.0,2749705.0,1553076.0,1579757.0,1936090.0,3.2397118e-05,2.9642208e-05,2025-07-13 12:00:00,1.6670090326561007,304.36304,31.213040000000035,25.34146000000004,71.09125940943812,0.25215387,3600.0,763.8069444444444,438.82138888888886,625.7227777777778,-61.02133611111111,100200.25,763.8069444444444,0.3271075012097062,0.6728924987902938,476.8759990871733,430.0449611111111,68.74262499999998,-21.911587023937784,159.1731800492729,-0.13765878785078578,12,2025-07-13,白天
2025-07-13 13:00:00,31.83,117.26,0,0.16892684,298.15405,306.36108,100125.625,307.73755,-1.5123634,5.2984543,821.70996,0.1783691,0.17517644,0.06382191,0.34217453,0.015158739,0.040884275,997.11597,56.918213,1,2.4395587e-05,2494228.0,2352341.0,2587013.0,-218681.12,-241063.88,3194534.0,2894394.0,1568852.0,1598189.0,2182681.0,2.3375207e-05,5.5306515e-07,2025-07-13 13:00:00,1.5217684879547035,306.36108,33.21108000000004,25.004050000000007,62.250202061854544,0.34217453,3600.0,803.9983333333333,443.94138888888887,653.4280555555556,-60.74475555555556,100125.625,803.9983333333333,0.3243900959684187,0.6756099040315813,489.52196074229795,435.0625611111111,72.35984999999998,-17.90045036881314,162.03681206514545,-0.11047150422594357,13,2025-07-13,白天
2025-07-13 14:00:00,31.83,117.26,0,-0.1048193,297.9187,306.6067,100093.56,308.07422,-1.6903648,4.760867,916.72095,0.15844107,0.22038805,0.09263915,0.38029695,0.018356945,0.043899063,1102.8154,57.41652,1,3.7555452e-05,2385006.0,2265047.0,2473037.0,-212907.06,-244126.62,3053939.0,2767725.0,1579591.0,1612846.0,2065467.0,3.103247e-05,6.5802506e-06,2025-07-13 14:00:00,1.69361159736568,306.6067,33.45670000000001,24.768700000000024,60.54504744780028,0.38029695,3600.0,768.8125,448.0127777777778,629.1797222222223,-59.14085,100093.56,768.8125,0.3238352495832083,0.6761647504167917,491.0937146692446,439.0525222222222,69.19312499999998,-17.15193255297757,162.27903638638747,-0.10569407444679856,14,2025-07-13,白天
2025-07-13 15:00:00,31.83,117.26,0,-0.36089224,297.7041,306.46997,100013.81,307.52393,-1.5359478,4.979727,734.553,0.21331143,0.23729312,0.033641428,0.38919508,0.02163092,0.04329493,1150.8843,57.466858,1,0.00013967557,2006232.0,1888381.0,2145166.0,-197887.56,-227344.38,2652324.0,2331967.0,1602628.0,1629869.0,1559387.0,0.00013838845,1.6971953e-06,2025-07-13 15:00:00,1.5777765536402983,306.46997,33.31997000000001,24.554100000000005,60.23293559379734,0.38919508,3600.0,647.7686111111111,452.7413888888889,524.5502777777778,-54.96876666666667,100013.81,647.7686111111111,0.3245769960582948,0.6754230039417052,490.21829556193956,443.6865611111111,58.29917499999998,-11.767440549171496,162.36079774113432,-0.07247710477459794,15,2025-07-13,白天
2025-07-13 16:00:00,31.83,117.26,0,-0.37421525,298.1814,306.28906,99976.625,306.44092,-1.0851765,4.000326,751.5769,0.19463992,0.041266315,0.023014326,0.23694605,0.016443063,0.036054898,1090.5835,56.876526,1,0.000107691376,1542984.0,1508270.0,1710544.0,-191740.56,-211592.81,2119801.0,1865430.0,1603443.0,1617685.0,1221615.0,0.000106909574,5.338941e-07,2025-07-13 16:00:00,1.1478872285572361,306.28906,33.13906000000003,25.03140000000002,62.60374893204589,0.23694605,3600.0,518.175,449.3569444444444,418.9638888888889,-53.261266666666664,99976.625,518.175,0.33049433469320355,0.6695056653067964,489.06181166981474,440.3698055555555,46.63574999999998,2.056256114259263,164.93077354251858,0.012467389014756346,16,2025-07-13,白天
2025-07-13 17:00:00,31.83,117.26,0,-0.2135005,298.1963,306.09106,99922.94,305.84375,-0.25401902,2.5234232,790.14844,0.19371897,0.037021384,0.04807876,0.24227202,0.0075697564,0.045163184,1003.2981,55.73445,1,4.9212045e-05,1018022.7,1105814.0,1197638.0,-189012.19,-197409.44,1489682.0,1355447.0,1599447.0,1603396.0,853991.5,4.957449e-05,1.9057001e-08,2025-07-13 17:00:00,0.33182544510933815,306.09106,32.94106000000005,25.04630000000003,63.358892944214574,0.24227202,3600.0,376.5130555555556,445.3877777777778,307.17055555555555,-52.50338611111111,99922.94,376.5130555555556,0.32998824758611045,0.6700117524138895,487.7984249631903,436.4800222222222,33.88617499999999,17.432227740968123,164.25280349884486,0.10613047308559771,17,2025-07-13,白天
2025-07-13 18:00:00,31.83,117.26,0,0.36999124,299.23657,304.13525,99940.81,303.00366,-0.5965217,1.54393,828.73193,0.6785277,0.15332764,0.21011591,0.7478365,0.12812293,0.14519137,291.94287,55.050354,1,9.499022e-06,491097.94,570292.25,658568.0,-153216.38,-181209.62,826744.7,699488.56,1590795.0,1610724.0,373659.56,9.346417e-06,0.0,2025-07-13 18:00:00,0.701948471219667,304.13525,30.985250000000008,26.086569999999995,75.26876839627688,0.7478365,3600.0,194.3023777777778,447.42333333333335,158.41451388888888,-42.56010555555556,99940.81,194.3023777777778,0.2900736589464262,0.7099263410535738,475.44999549851724,438.4748666666667,17.487213999999994,19.48791483185056,140.7301222860375,0.13847721095730225,18,2025-07-13,白天
2025-07-13 19:00:00,31.83,117.26,0,0.61111635,298.88306,304.13818,100041.44,301.46997,0.22438562,0.97682077,995.56714,0.73994726,0.1024676,0.18258482,0.81413054,0.07999331,0.14215201,45.56624,55.413376,1,0.00034521986,108206.19,194746.62,195584.12,-143198.88,-159680.56,258035.31,239943.69,1581161.0,1595979.0,94852.94,0.00034528668,0.0,2025-07-13 19:00:00,0.6510085250594703,304.13818,30.98818,25.733060000000023,73.69882348694243,0.81413054,3600.0,66.651025,443.3275,54.09628333333333,-39.77746666666667,100041.44,66.651025,0.2840060767323037,0.7159939232676963,475.46831746044575,434.46094999999997,5.998592249999998,35.008775210445776,137.79172597188847,0.25407022782767147,19,2025-07-13,白天
2025-07-13 20:00:00,31.83,117.26,0,-0.2146917,299.22046,303.50342,100053.56,300.5327,0.0025877482,1.6458483,1026.0022,0.77202654,0.046500407,0.18177575,0.8013652,0.020779163,0.082170665,29.80481,54.160965,1,1.0564857e-05,250.88441,3417.6084,4917.7617,-97529.69,-139018.5,6144.0117,4195.8516,1556406.0,1584116.0,145.91982,1.5817304e-06,9.002183e-06,2025-07-13 20:00:00,0.2147072949148133,303.50342,30.35342000000003,26.070460000000026,77.95822583803314,0.8013652,3600.0,1.1655143333333333,440.03222222222223,0.9493356666666667,-27.091580555555556,100053.56,1.1655143333333333,0.28346740953702887,0.7165325904629711,471.51136950728846,431.2315777777778,0.10489628999999996,40.17489543951069,136.38582294029374,0.29456797322034156,20,2025-07-13,夜间
2025-07-13 21:00:00,31.83,117.26,0,0.26304293,299.4016,303.2837,100044.94,299.96118,0.24147713,2.1053104,1583.3079,0.58523065,0.0113869235,0.14377487,0.6365033,0.0027820158,0.045979436,28.229492,52.259323,1,0.0,0.0,3.5999988e-12,0.0,-90054.19,-118317.625,0.0,0.0,1541132.0,1570922.0,0.0,0.0,0.0,2025-07-13 21:00:00,0.35707532445693,303.2837,30.133700000000033,26.251599999999996,79.79394359690352,0.6365033,3600.0,0.0,436.3672222222222,9.999996666666666e-16,-25.01505277777778,100044.94,0.0,0.2991834562806256,0.7008165437193744,470.1474569594567,427.63987777777777,0.0,42.50757918167892,143.53096034150713,0.29615616784378423,21,2025-07-13,夜间
2025-07-13 22:00:00,31.83,117.26,0,0.88755155,299.21558,302.14014,100085.125,299.27295,0.36637998,2.3049707,6143.742,0.3176378,0.0,0.031529833,0.3355189,0.0010815877,0.026353914,43.351242,51.403625,1,0.0,0.0,3.5999988e-12,0.0,-105638.69,-120355.75,0.0,0.0,1528872.0,1540574.0,0.0,0.0,0.0,2025-07-13 22:00:00,0.9601989604515321,302.14014,28.990139999999997,26.06558000000001,84.29077015081918,0.3355189,3600.0,0.0,427.9372222222222,9.999996666666666e-16,-29.344080555555557,100085.125,0.0,0.31729384353532974,0.6827061564646703,463.0965192641761,419.37847777777773,0.0,43.71804148639836,149.93640257669728,0.2915772336476806,22,2025-07-13,夜间
2025-07-13 23:00:00,31.83,117.26,0,1.4390268,298.98145,301.14453,100039.06,299.22363,0.5588068,2.3785458,7756.5156,0.17785126,0.0023534468,0.03877642,0.20707393,0.000903334,0.016032722,74.77545,50.29709,1,0.0,0.0,3.5999988e-12,0.0,-112988.06,-115290.0,0.0,0.0,1517648.0,1519915.0,0.0,0.0,0.0,2025-07-13 23:00:00,1.5437173221948635,301.14453,27.994529999999997,25.831450000000018,88.07445196461043,0.20707393,3600.0,0.0,422.1986111111111,9.999996666666666e-16,-31.385572222222223,100039.06,0.0,0.3264446882251867,0.6735553117748133,457.0226544939862,413.7546388888889,0.0,43.268015605097276,152.23736526340457,0.28421416470413796,23,2025-07-13,夜间
2025-07-14 00:00:00,31.83,117.26,0,1.4777441,299.1433,301.15698,100008.44,298.85303,0.21833342,2.339117,10325.699,0.14328617,0.0011816055,0.037117086,0.16802627,0.00051269773,0.010896001,74.676575,49.16916,1,0.0,0.0,3.5999988e-12,0.0,-116443.625,-114239.375,0.0,0.0,1508979.0,1510940.0,0.0,0.0,0.0,2025-07-14 00:00:00,1.4937861652103042,301.15698,28.00698,25.993300000000033,88.8572832613006,0.16802627,3600.0,0.0,419.7055555555556,9.999996666666666e-16,-32.34545138888889,100008.44,0.0,0.3286440342533945,0.6713559657466055,457.0982366061405,411.3114444444445,0.0,45.78679216169604,153.28837604934148,0.2986970919892705,0,2025-07-14,夜间
2025-07-14 01:00:00,31.83,117.26,0,1.5156097,299.0774,300.61157,99999.06,298.62354,0.0003650242,2.2944412,10099.145,0.090667844,0.0,0.009935364,0.10058248,0.00037841918,0.009130884,75.044586,48.8136,1,0.0,0.0,3.5999988e-12,0.0,-117366.625,-114444.75,0.0,0.0,1503000.0,1506432.0,0.0,0.0,0.0,2025-07-14 01:00:00,1.5156097439567866,300.61157,27.461569999999995,25.927400000000034,91.37349453045071,0.10058248,3600.0,0.0,418.4533333333333,9.999996666666666e-16,-32.601840277777775,99999.06,0.0,0.3352419541458782,0.6647580458541218,453.7959122345908,410.0842666666666,0.0,43.711645567924165,155.23615142952622,0.2815816107613843,1,2025-07-14,夜间
2025-07-14 02:00:00,31.83,117.26,0,1.735982,299.06763,300.6831,99962.625,298.48047,-0.019567978,2.4018297,10675.672,0.14506686,0.0,0.010009766,0.15507662,0.00037841918,0.007839415,84.95317,48.444717,1,0.0,0.0,3.5999988e-12,0.0,-118515.19,-116743.25,0.0,0.0,1496277.0,1501667.0,0.0,0.0,0.0,2025-07-14 02:00:00,1.7360922815585031,300.6831,27.533100000000047,25.91763000000003,90.9397174078036,0.15507662,3600.0,0.0,417.1297222222222,9.999996666666666e-16,-32.92088611111111,99962.625,0.0,0.3300439549947771,0.6699560450052229,454.22798621163196,408.78712777777775,0.0,45.4408584338542,152.97469493734707,0.29704820429591405,2,2025-07-14,夜间
2025-07-14 03:00:00,31.83,117.26,0,1.9900408,299.0327,300.53735,99933.5,298.3457,-0.003298116,3.6480923,4030.1323,0.102021515,0.0,0.015408643,0.1174106,0.00021484715,0.005480986,98.25195,47.883102,1,0.0,0.0,3.5999988e-12,0.0,-134445.12,-123093.31,0.0,0.0,1483406.0,1486161.0,0.0,0.0,0.0,2025-07-14 03:00:00,1.9900435329996653,300.53735,27.387350000000026,25.8827,91.52859920929478,0.1174106,3600.0,0.0,412.8225,9.999996666666666e-16,-37.345866666666666,99933.5,0.0,0.3337393848547957,0.6662606151452043,453.34791535719586,404.56604999999996,0.0,48.7818653571959,154.3878106086883,0.31596966862130405,3,2025-07-14,夜间
2025-07-14 04:00:00,31.83,117.26,0,2.125723,298.8357,300.26514,99908.81,298.18433,-0.026620176,3.794716,,0.031621393,0.0,0.0011717384,0.03279313,0.00010010203,0.0034643712,110.216385,48.167267,1,0.0,0.0,3.5999988e-12,0.0,-135761.0,-130346.125,0.0,0.0,1481021.0,1481852.0,0.0,0.0,0.0,2025-07-14 04:00:00,2.1258896741127633,300.26514,27.115139999999997,25.685699999999997,91.92071964212417,0.03279313,3600.0,0.0,411.62555555555554,9.999996666666666e-16,-37.71138888888889,99908.81,0.0,0.3444939403877121,0.6555060596122879,451.7076762847308,403.3930444444444,0.0,48.31463184028638,158.7862829660245,0.30427459436546084,4,2025-07-14,夜间
2025-07-14 05:00:00,31.83,117.26,0,2.014596,298.75024,300.16455,99916.19,297.9651,-0.20558643,3.6115637,,0.005913008,0.016592726,0.026099332,0.036154095,4.150618e-05,0.0037499587,114.52812,49.37616,1,0.0,0.0,3.5999988e-12,0.0,-131699.31,-127845.44,0.0,0.0,1478267.0,1481054.0,0.0,0.0,0.0,2025-07-14 05:00:00,2.025058720979751,300.16455,27.014550000000042,25.600240000000042,91.99730831467147,0.036154095,3600.0,0.0,411.4038888888889,9.999996666666666e-16,-36.58314166666666,99916.19,0.0,0.3444976010929717,0.6555023989070283,451.102685005914,403.1758111111111,0.0,47.926873894802895,158.5752988072815,0.3022341704873532,5,2025-07-14,夜间
2025-07-14 06:00:00,31.83,117.26,0,1.9491062,299.00146,302.6665,99942.375,299.07886,-0.8293419,3.8038845,1617.5701,0.3861004,0.0041625053,0.020963792,0.39480227,0.00023070378,0.0039048903,124.22162,49.772278,1,0.0,18495.95,52735.82,48575.88,-129778.625,-122963.75,65328.477,64826.76,1478703.0,1481838.0,18406.375,0.0,0.0,2025-07-14 06:00:00,2.118212209853878,302.6665,29.516500000000008,25.85146000000003,80.74133978847622,0.39480227,3600.0,18.007433333333335,411.62166666666667,14.64883888888889,-36.049618055555555,99942.375,18.007433333333335,0.3155841544949949,0.6844158455050051,466.3320138348398,403.3892333333333,1.6206689999999997,61.32211150150649,150.1704023469553,0.4083501844779454,6,2025-07-14,白天
2025-07-14 07:00:00,31.83,117.26,0,1.7762985,299.25854,302.84448,99937.69,301.26685,-1.0907946,4.284502,1381.3196,0.8323937,0.053416617,0.049176928,0.84190977,0.003852503,0.007967226,177.62057,50.274582,1,3.4302604e-07,252830.81,382658.56,386572.75,-146376.75,-131039.19,492661.62,472858.3,1487670.0,1497134.0,234865.5,3.4302604e-07,0.0,2025-07-14 07:00:00,2.084482962389333,302.84448,29.69448,26.108540000000005,81.14285505927127,0.84190977,3600.0,131.34952777777778,415.87055555555554,106.29404444444444,-40.66020833333334,99937.69,131.34952777777778,0.2772990737371045,0.7227009262628955,467.42986919098234,407.5531444444444,11.821457499999996,48.05526724653795,132.26313241195442,0.363330781376493,7,2025-07-14,白天
